date,transaction_type,amount,description,category,account
2023-11-29,expense,867.26,Utilities transaction,Utilities,123456
2023-09-10,expense,951.36,Groceries transaction,Groceries,987654
2024-07-06,expense,598.22,Transport transaction,Transport,987654
2023-08-11,income,3592.44,Salary transaction,Salary,987654
2024-04-27,expense,235.82,Utilities transaction,Utilities,987654
2024-07-31,expense,171.14,Transport transaction,Transport,987654
2024-05-06,expense,386.15,Transport transaction,Transport,987654
2025-03-31,expense,891.78,Groceries transaction,Groceries,987654
2023-11-17,income,1449.25,Salary transaction,Salary,123456
2024-02-12,expense,75.64,Utilities transaction,Utilities,987654
2023-10-20,expense,659.14,Groceries transaction,Groceries,987654
2024-08-03,expense,828.56,Groceries transaction,Groceries,987654
2025-01-23,income,1985.39,Freelance transaction,Freelance,123456
2023-06-14,expense,727.77,Utilities transaction,Utilities,123456
2023-11-03,expense,363.48,Groceries transaction,Groceries,987654
2023-11-03,expense,647.59,Groceries transaction,Groceries,123456
2024-01-02,expense,500.36,Transport transaction,Transport,123456
2025-01-27,income,458.13,Salary transaction,Salary,987654
2023-11-04,expense,113.04,Groceries transaction,Groceries,987654
2023-08-29,income,4038.67,Freelance transaction,Freelance,987654
2024-04-13,expense,59.15,Utilities transaction,Utilities,123456
2025-01-20,income,1521.16,Freelance transaction,Freelance,123456
2023-04-30,expense,379.78,Utilities transaction,Utilities,987654
2024-01-06,income,2248.53,Freelance transaction,Freelance,987654
2025-01-04,income,4559.71,Freelance transaction,Freelance,987654
2024-11-13,expense,509.3,Groceries transaction,Groceries,123456
2023-08-09,expense,734.25,Groceries transaction,Groceries,123456
2025-03-31,expense,34.7,Utilities transaction,Utilities,123456
2024-12-01,expense,128.92,Groceries transaction,Groceries,123456
2023-05-07,expense,109.64,Groceries transaction,Groceries,987654
2023-04-12,income,1321.26,Freelance transaction,Freelance,987654
2024-03-04,income,1055.39,Salary transaction,Salary,987654
2025-01-28,expense,17.84,Utilities transaction,Utilities,123456
2024-07-19,income,2896.34,Salary transaction,Salary,123456
2025-04-03,income,3003.64,Freelance transaction,Freelance,987654
2023-11-03,expense,911.93,Groceries transaction,Groceries,123456
2024-04-21,expense,374.64,Groceries transaction,Groceries,123456
2024-06-13,income,4434.2,Freelance transaction,Freelance,987654
2023-06-01,income,2358.04,Freelance transaction,Freelance,123456
2024-06-22,expense,632.47,Groceries transaction,Groceries,987654
2023-10-27,expense,752.19,Transport transaction,Transport,123456
2024-12-22,expense,952.4,Groceries transaction,Groceries,987654
2024-12-29,expense,605.89,Utilities transaction,Utilities,123456
2024-01-02,income,4508.77,Freelance transaction,Freelance,987654
2023-11-27,income,2904.31,Freelance transaction,Freelance,123456
2024-02-02,expense,109.55,Groceries transaction,Groceries,987654
2024-06-25,income,2669.91,Freelance transaction,Freelance,987654
2025-02-09,income,2654.86,Salary transaction,Salary,123456
2024-07-21,income,545.27,Salary transaction,Salary,123456
2023-09-05,income,444.89,Salary transaction,Salary,987654
2024-06-25,expense,33.4,Groceries transaction,Groceries,123456
2025-01-10,expense,655.25,Groceries transaction,Groceries,987654
2025-01-21,income,3478.38,Freelance transaction,Freelance,123456
2024-02-13,income,883.48,Freelance transaction,Freelance,987654
2024-02-07,income,2136.73,Salary transaction,Salary,987654
2023-04-17,income,2406.74,Salary transaction,Salary,987654
2024-01-01,income,2700.39,Freelance transaction,Freelance,123456
2023-08-29,expense,568.86,Utilities transaction,Utilities,987654
2024-06-30,expense,310.72,Utilities transaction,Utilities,123456
2025-02-06,expense,860.99,Utilities transaction,Utilities,123456
2023-06-05,income,4926.74,Freelance transaction,Freelance,987654
2024-12-23,income,3290.48,Salary transaction,Salary,987654
2023-05-26,expense,867.61,Groceries transaction,Groceries,987654
2024-10-06,expense,884.38,Transport transaction,Transport,123456
2025-01-23,expense,586.25,Transport transaction,Transport,987654
2024-03-29,income,1604.06,Salary transaction,Salary,123456
2023-07-30,income,2326.26,Freelance transaction,Freelance,987654
2023-11-17,expense,680.47,Groceries transaction,Groceries,987654
2025-01-07,expense,594.56,Transport transaction,Transport,987654
2024-10-06,expense,604.99,Groceries transaction,Groceries,123456
2023-05-22,expense,24.12,Groceries transaction,Groceries,987654
2024-12-07,income,3231.8,Salary transaction,Salary,987654
2024-12-03,income,782.74,Freelance transaction,Freelance,987654
2023-07-15,income,625.55,Salary transaction,Salary,123456
2023-07-11,expense,766.41,Utilities transaction,Utilities,987654
2024-05-29,expense,62.38,Utilities transaction,Utilities,987654
2025-01-05,income,1796.95,Salary transaction,Salary,987654
2024-04-11,expense,231.03,Groceries transaction,Groceries,987654
2024-01-14,income,4450.34,Salary transaction,Salary,987654
2024-11-14,expense,402.1,Transport transaction,Transport,123456
2023-08-25,expense,904.14,Groceries transaction,Groceries,987654
2024-10-30,income,1534.97,Freelance transaction,Freelance,123456
2024-05-27,expense,192.21,Groceries transaction,Groceries,987654
2024-11-27,income,435.42,Salary transaction,Salary,123456
2023-10-16,expense,970.52,Groceries transaction,Groceries,123456
2024-06-16,income,4769.63,Freelance transaction,Freelance,987654
2024-09-19,income,4370.55,Salary transaction,Salary,987654
2024-02-05,expense,127.76,Groceries transaction,Groceries,123456
2024-05-19,income,2958.35,Salary transaction,Salary,123456
2024-06-13,expense,278.76,Groceries transaction,Groceries,123456
2024-04-09,income,1541.03,Freelance transaction,Freelance,987654
2023-09-14,expense,894.74,Utilities transaction,Utilities,987654
2025-02-16,expense,251.86,Groceries transaction,Groceries,987654
2023-05-30,expense,154.4,Utilities transaction,Utilities,123456
2024-10-09,expense,67.14,Utilities transaction,Utilities,123456
2024-12-25,income,4259.01,Salary transaction,Salary,987654
2024-04-26,expense,545.16,Transport transaction,Transport,987654
2024-11-16,income,2366.93,Salary transaction,Salary,987654
2023-12-20,expense,208.97,Utilities transaction,Utilities,123456
2024-11-05,expense,872.8,Transport transaction,Transport,987654
2024-06-17,income,2035.74,Freelance transaction,Freelance,123456
2023-05-06,expense,82.23,Transport transaction,Transport,123456
2024-01-05,expense,914.0,Groceries transaction,Groceries,987654
2023-11-10,income,4152.95,Freelance transaction,Freelance,987654
2023-08-14,expense,819.0,Utilities transaction,Utilities,987654
2023-06-02,expense,432.42,Transport transaction,Transport,123456
2023-05-03,expense,40.86,Utilities transaction,Utilities,123456
2023-08-29,expense,157.74,Transport transaction,Transport,123456
2023-06-04,expense,422.34,Utilities transaction,Utilities,123456
2024-02-15,expense,581.86,Groceries transaction,Groceries,987654
2024-12-14,expense,949.86,Groceries transaction,Groceries,987654
2024-05-05,expense,588.2,Transport transaction,Transport,987654
2024-09-08,expense,974.88,Utilities transaction,Utilities,987654
2023-10-16,income,1259.94,Freelance transaction,Freelance,123456
2024-11-06,expense,552.08,Transport transaction,Transport,987654
2025-01-03,income,725.78,Freelance transaction,Freelance,123456
2023-05-28,income,473.53,Salary transaction,Salary,123456
2023-08-17,expense,813.84,Groceries transaction,Groceries,123456
2024-04-25,income,4798.25,Freelance transaction,Freelance,123456
2024-02-21,expense,580.59,Utilities transaction,Utilities,987654
2024-04-10,income,1603.84,Freelance transaction,Freelance,987654
2024-10-19,expense,577.91,Groceries transaction,Groceries,123456
2023-12-04,income,4611.08,Freelance transaction,Freelance,123456
2023-10-11,expense,234.86,Transport transaction,Transport,987654
2024-02-04,expense,369.61,Utilities transaction,Utilities,987654
2023-07-08,expense,815.7,Transport transaction,Transport,987654
2024-08-03,income,4723.49,Freelance transaction,Freelance,987654
2023-11-19,expense,996.84,Utilities transaction,Utilities,123456
2024-05-04,expense,649.96,Utilities transaction,Utilities,123456
2023-06-22,income,4228.89,Salary transaction,Salary,123456
2024-03-14,income,3702.13,Freelance transaction,Freelance,123456
2025-01-16,expense,740.51,Utilities transaction,Utilities,987654
2025-01-19,expense,423.19,Groceries transaction,Groceries,987654
2024-11-22,expense,965.11,Transport transaction,Transport,987654
2024-07-12,expense,936.44,Utilities transaction,Utilities,123456
2024-11-25,expense,984.38,Transport transaction,Transport,123456
2024-01-07,income,3006.83,Salary transaction,Salary,987654
2024-01-22,expense,152.83,Transport transaction,Transport,987654
2024-06-07,income,4976.97,Freelance transaction,Freelance,987654
2023-12-03,expense,610.74,Transport transaction,Transport,123456
2024-06-07,income,1198.75,Salary transaction,Salary,123456
2025-04-06,income,4292.65,Salary transaction,Salary,123456
2023-05-16,expense,43.07,Groceries transaction,Groceries,987654
2024-08-24,income,357.99,Freelance transaction,Freelance,987654
2023-06-04,income,1922.21,Freelance transaction,Freelance,987654
2024-06-04,expense,637.02,Groceries transaction,Groceries,123456
2025-01-15,income,4856.77,Salary transaction,Salary,987654
2024-09-16,income,4367.69,Freelance transaction,Freelance,987654
2024-09-22,expense,123.53,Groceries transaction,Groceries,987654
2024-08-02,expense,406.3,Utilities transaction,Utilities,987654
2024-03-15,expense,721.07,Groceries transaction,Groceries,987654
2024-12-03,expense,51.16,Utilities transaction,Utilities,987654
2024-07-16,income,826.93,Freelance transaction,Freelance,987654
2024-05-30,expense,39.66,Utilities transaction,Utilities,123456
2025-02-25,expense,385.33,Groceries transaction,Groceries,987654
2024-06-19,income,2904.03,Salary transaction,Salary,987654
2023-09-07,income,2206.2,Salary transaction,Salary,987654
2023-10-14,expense,340.5,Transport transaction,Transport,987654
2023-04-23,income,1990.51,Salary transaction,Salary,987654
2024-04-06,expense,792.64,Transport transaction,Transport,987654
2024-09-23,expense,635.18,Groceries transaction,Groceries,123456
2024-01-03,income,4869.44,Freelance transaction,Freelance,123456
2024-04-14,income,4588.26,Freelance transaction,Freelance,123456
2023-08-06,income,511.64,Salary transaction,Salary,987654
2024-09-05,expense,784.87,Groceries transaction,Groceries,123456
2024-11-10,expense,393.04,Groceries transaction,Groceries,987654
2024-03-08,expense,875.32,Transport transaction,Transport,987654
2023-07-19,expense,178.24,Utilities transaction,Utilities,987654
2023-12-03,expense,74.05,Groceries transaction,Groceries,987654
2024-03-27,income,1965.97,Salary transaction,Salary,123456
2024-03-19,expense,599.99,Transport transaction,Transport,123456
2023-09-07,expense,171.19,Transport transaction,Transport,123456
2024-12-31,income,3077.9,Freelance transaction,Freelance,987654
2024-09-03,income,177.3,Salary transaction,Salary,987654
2024-01-08,expense,586.81,Transport transaction,Transport,123456
2023-04-16,expense,599.24,Groceries transaction,Groceries,987654
2024-11-24,expense,706.06,Transport transaction,Transport,987654
2024-09-17,income,2398.14,Freelance transaction,Freelance,987654
2024-06-12,expense,761.34,Transport transaction,Transport,987654
2024-11-21,expense,31.72,Transport transaction,Transport,123456
2024-01-05,expense,435.48,Transport transaction,Transport,987654
2024-01-31,expense,272.57,Groceries transaction,Groceries,123456
2024-12-27,expense,865.8,Groceries transaction,Groceries,987654
2024-10-07,income,319.86,Freelance transaction,Freelance,123456
2024-01-21,expense,787.66,Groceries transaction,Groceries,987654
2023-06-28,expense,756.29,Utilities transaction,Utilities,987654
2024-02-17,expense,87.5,Groceries transaction,Groceries,987654
2024-07-02,expense,213.39,Groceries transaction,Groceries,987654
2024-10-30,expense,342.88,Groceries transaction,Groceries,987654
2023-05-29,expense,964.86,Transport transaction,Transport,123456
2024-01-31,income,1341.03,Freelance transaction,Freelance,123456
2024-02-08,expense,780.63,Utilities transaction,Utilities,987654
2023-07-09,income,2280.85,Salary transaction,Salary,987654
2023-08-13,income,1436.62,Freelance transaction,Freelance,987654
2023-12-17,income,2307.06,Salary transaction,Salary,123456
2024-05-30,expense,708.82,Transport transaction,Transport,123456
2025-02-04,expense,438.14,Utilities transaction,Utilities,987654
2023-04-17,expense,774.52,Groceries transaction,Groceries,987654
2023-12-04,expense,816.19,Groceries transaction,Groceries,987654
2024-06-12,expense,260.19,Transport transaction,Transport,987654
2023-04-29,income,1574.86,Salary transaction,Salary,123456
2023-06-14,expense,509.96,Transport transaction,Transport,987654
2024-10-18,expense,959.12,Transport transaction,Transport,123456
2024-06-15,expense,273.13,Transport transaction,Transport,123456
2023-12-26,expense,432.25,Utilities transaction,Utilities,987654
2023-08-29,expense,302.31,Transport transaction,Transport,987654
2024-01-25,expense,976.74,Groceries transaction,Groceries,123456
2023-12-20,expense,794.7,Transport transaction,Transport,123456
2023-04-08,income,3447.2,Freelance transaction,Freelance,123456
2023-10-26,income,1160.99,Salary transaction,Salary,987654
2025-01-07,expense,619.7,Transport transaction,Transport,123456
2024-01-17,expense,489.16,Groceries transaction,Groceries,123456
2024-09-22,expense,631.4,Transport transaction,Transport,987654
2024-02-25,expense,701.05,Transport transaction,Transport,987654
2023-10-15,income,2125.34,Salary transaction,Salary,123456
2023-05-01,expense,78.91,Utilities transaction,Utilities,123456
2023-10-19,income,4299.82,Freelance transaction,Freelance,123456
2025-02-03,expense,192.52,Transport transaction,Transport,123456
2024-11-10,expense,133.77,Utilities transaction,Utilities,123456
2024-03-25,expense,236.8,Groceries transaction,Groceries,123456
2024-03-26,income,1595.66,Freelance transaction,Freelance,123456
2024-04-05,expense,800.31,Utilities transaction,Utilities,123456
2024-12-26,expense,277.5,Utilities transaction,Utilities,987654
2024-08-08,income,1442.82,Salary transaction,Salary,987654
2023-08-18,income,2920.88,Freelance transaction,Freelance,987654
2024-11-08,income,2142.21,Freelance transaction,Freelance,987654
2024-10-11,income,827.42,Salary transaction,Salary,987654
2024-05-25,income,3104.26,Freelance transaction,Freelance,987654
2024-09-23,expense,149.96,Transport transaction,Transport,123456
2024-02-13,expense,667.08,Groceries transaction,Groceries,123456
2025-02-16,income,2122.92,Freelance transaction,Freelance,123456
2024-04-16,expense,576.34,Groceries transaction,Groceries,987654
2023-09-05,expense,508.14,Transport transaction,Transport,987654
2024-11-08,expense,915.53,Groceries transaction,Groceries,987654
2024-03-16,expense,895.55,Utilities transaction,Utilities,123456
2024-04-27,expense,860.85,Groceries transaction,Groceries,123456
2025-03-22,expense,847.96,Transport transaction,Transport,987654
2024-07-23,expense,980.17,Transport transaction,Transport,987654
2025-02-20,expense,910.08,Transport transaction,Transport,987654
2025-04-03,expense,429.48,Utilities transaction,Utilities,123456
2024-11-02,income,3296.28,Freelance transaction,Freelance,123456
2025-01-25,income,2550.07,Salary transaction,Salary,987654
2025-03-31,expense,96.16,Groceries transaction,Groceries,123456
2023-05-03,expense,817.5,Transport transaction,Transport,123456
2024-06-03,income,3391.22,Salary transaction,Salary,123456
2024-12-16,income,2177.13,Salary transaction,Salary,123456
2024-11-05,expense,665.58,Transport transaction,Transport,987654
2023-07-08,income,741.96,Freelance transaction,Freelance,987654
2024-05-12,expense,95.55,Groceries transaction,Groceries,987654
2024-04-01,expense,50.59,Groceries transaction,Groceries,123456
2023-05-30,income,4287.77,Freelance transaction,Freelance,987654
2024-12-25,expense,111.64,Transport transaction,Transport,987654
2025-01-03,income,1514.22,Salary transaction,Salary,123456
2024-12-06,income,1333.45,Salary transaction,Salary,987654
2023-08-03,expense,716.59,Transport transaction,Transport,987654
2023-07-24,income,1328.71,Freelance transaction,Freelance,123456
2024-12-15,expense,715.07,Utilities transaction,Utilities,987654
2025-03-07,income,130.4,Freelance transaction,Freelance,123456
2024-03-24,income,1671.18,Salary transaction,Salary,987654
2025-03-03,expense,194.05,Transport transaction,Transport,123456
2024-02-03,expense,784.87,Utilities transaction,Utilities,987654
2024-02-27,expense,872.79,Groceries transaction,Groceries,987654
2023-08-19,income,4512.68,Freelance transaction,Freelance,987654
2024-03-19,expense,267.74,Utilities transaction,Utilities,987654
2024-03-13,income,383.61,Freelance transaction,Freelance,123456
2024-07-17,expense,672.48,Utilities transaction,Utilities,123456
2024-02-21,expense,440.69,Transport transaction,Transport,123456
2023-10-20,income,3962.44,Salary transaction,Salary,987654
2024-02-16,expense,605.22,Transport transaction,Transport,987654
2025-01-07,expense,855.97,Groceries transaction,Groceries,987654
2023-08-13,income,2778.1,Salary transaction,Salary,987654
2024-05-16,income,4891.53,Freelance transaction,Freelance,987654
2023-06-16,expense,72.71,Transport transaction,Transport,987654
2024-09-11,income,1617.19,Freelance transaction,Freelance,987654
2023-09-07,expense,575.59,Transport transaction,Transport,987654
2025-01-23,expense,800.66,Groceries transaction,Groceries,123456
2023-11-05,expense,256.13,Transport transaction,Transport,123456
2024-02-27,income,280.3,Salary transaction,Salary,987654
2024-05-07,income,293.43,Freelance transaction,Freelance,987654
2024-05-15,income,2383.11,Salary transaction,Salary,987654
2023-05-01,expense,666.06,Transport transaction,Transport,123456
2024-11-18,income,3598.95,Salary transaction,Salary,123456
2024-08-11,income,1510.61,Salary transaction,Salary,987654
2023-10-25,expense,883.84,Utilities transaction,Utilities,123456
2024-04-12,income,2879.39,Salary transaction,Salary,123456
2024-06-29,income,1967.06,Freelance transaction,Freelance,987654
2023-04-27,expense,79.81,Groceries transaction,Groceries,987654
2024-01-10,expense,844.37,Transport transaction,Transport,987654
2024-06-05,expense,622.44,Groceries transaction,Groceries,123456
2024-05-30,income,1564.52,Freelance transaction,Freelance,987654
2024-08-29,expense,312.13,Groceries transaction,Groceries,123456
2025-03-03,expense,827.78,Transport transaction,Transport,987654
2024-05-28,income,1798.52,Freelance transaction,Freelance,987654
2024-05-31,income,2342.53,Salary transaction,Salary,987654
2023-07-01,income,3785.82,Freelance transaction,Freelance,123456
2023-12-02,income,2139.16,Freelance transaction,Freelance,987654
2023-09-09,income,184.16,Salary transaction,Salary,987654
2025-01-09,expense,229.95,Groceries transaction,Groceries,123456
2024-06-22,expense,558.8,Transport transaction,Transport,123456
2024-11-14,income,1140.24,Freelance transaction,Freelance,123456
2025-03-15,income,1358.05,Freelance transaction,Freelance,987654
2025-03-18,expense,717.94,Groceries transaction,Groceries,123456
2023-10-28,income,3196.44,Freelance transaction,Freelance,987654
2023-11-22,expense,812.09,Groceries transaction,Groceries,987654
2025-01-20,income,3544.97,Freelance transaction,Freelance,987654
2023-07-01,income,3591.04,Salary transaction,Salary,123456
2024-10-07,income,1862.79,Salary transaction,Salary,987654
2023-07-24,income,3381.69,Freelance transaction,Freelance,123456
2024-03-11,expense,926.42,Utilities transaction,Utilities,987654
2023-06-06,expense,685.51,Groceries transaction,Groceries,123456
2023-06-30,expense,353.26,Utilities transaction,Utilities,987654
2023-05-08,expense,137.49,Transport transaction,Transport,123456
2023-05-22,expense,193.99,Transport transaction,Transport,123456
2024-04-16,expense,460.64,Utilities transaction,Utilities,987654
2025-02-06,income,1302.17,Salary transaction,Salary,123456
2024-01-17,income,3141.77,Freelance transaction,Freelance,123456
2023-06-11,income,1647.16,Freelance transaction,Freelance,123456
2023-11-07,expense,646.31,Utilities transaction,Utilities,987654
2024-01-29,expense,828.45,Groceries transaction,Groceries,987654
2023-08-02,income,4346.37,Freelance transaction,Freelance,123456
2023-07-27,expense,262.83,Utilities transaction,Utilities,123456
2023-04-07,expense,266.86,Utilities transaction,Utilities,987654
2024-10-04,income,510.17,Freelance transaction,Freelance,123456
2024-09-22,expense,675.62,Transport transaction,Transport,987654
2024-05-10,income,2990.41,Salary transaction,Salary,123456
2025-03-15,income,2316.87,Freelance transaction,Freelance,987654
2023-07-20,expense,716.94,Groceries transaction,Groceries,123456
2024-12-02,expense,570.89,Transport transaction,Transport,123456
2023-07-05,expense,906.44,Utilities transaction,Utilities,987654
2024-12-28,income,805.8,Freelance transaction,Freelance,987654
2024-11-02,income,2664.5,Salary transaction,Salary,987654
2023-09-09,expense,147.41,Transport transaction,Transport,123456
2024-01-25,expense,596.62,Groceries transaction,Groceries,123456
2023-06-03,income,4615.4,Freelance transaction,Freelance,123456
2023-06-18,income,847.86,Salary transaction,Salary,987654
2023-10-05,expense,938.87,Utilities transaction,Utilities,987654
2025-01-23,income,2919.99,Salary transaction,Salary,123456
2023-10-09,expense,332.86,Transport transaction,Transport,123456
2025-03-19,expense,747.67,Groceries transaction,Groceries,987654
2023-12-02,expense,346.61,Transport transaction,Transport,987654
2023-07-12,expense,884.55,Transport transaction,Transport,123456
2023-04-26,income,1198.1,Salary transaction,Salary,123456
2025-03-10,expense,742.47,Groceries transaction,Groceries,123456
2023-12-12,income,1501.55,Freelance transaction,Freelance,123456
2024-11-17,expense,560.61,Transport transaction,Transport,987654
2025-01-06,expense,133.49,Utilities transaction,Utilities,123456
2024-06-17,expense,269.78,Groceries transaction,Groceries,987654
2024-02-07,income,964.33,Freelance transaction,Freelance,987654
2024-05-31,income,2741.51,Salary transaction,Salary,123456
2025-02-23,expense,537.46,Groceries transaction,Groceries,123456
2024-10-31,expense,629.04,Groceries transaction,Groceries,123456
2023-10-04,expense,676.57,Utilities transaction,Utilities,987654
2024-12-21,expense,941.53,Utilities transaction,Utilities,987654
2024-05-27,income,4043.03,Freelance transaction,Freelance,987654
2023-09-05,expense,615.83,Transport transaction,Transport,987654
2023-08-16,expense,30.5,Utilities transaction,Utilities,123456
2024-12-24,expense,44.77,Transport transaction,Transport,987654
2024-03-01,expense,207.69,Utilities transaction,Utilities,987654
2023-07-05,expense,197.75,Groceries transaction,Groceries,987654
2024-04-19,income,716.55,Freelance transaction,Freelance,123456
2024-06-12,expense,13.63,Utilities transaction,Utilities,987654
2024-01-24,expense,261.27,Utilities transaction,Utilities,987654
2023-05-10,expense,43.26,Transport transaction,Transport,123456
2024-05-17,income,2329.56,Salary transaction,Salary,123456
2025-02-04,expense,879.12,Transport transaction,Transport,123456
2025-01-19,expense,819.29,Groceries transaction,Groceries,123456
2024-05-24,income,3683.29,Freelance transaction,Freelance,987654
2023-11-09,expense,613.55,Transport transaction,Transport,987654
2023-10-17,expense,210.63,Utilities transaction,Utilities,987654
2024-02-03,expense,969.66,Transport transaction,Transport,987654
2023-11-12,expense,836.97,Utilities transaction,Utilities,123456
2023-07-13,income,1566.67,Freelance transaction,Freelance,123456
2023-07-29,expense,254.08,Groceries transaction,Groceries,123456
2023-08-25,income,1906.58,Freelance transaction,Freelance,123456
2024-06-25,income,667.13,Salary transaction,Salary,123456
2024-01-30,expense,465.86,Groceries transaction,Groceries,987654
2023-12-22,income,1578.26,Freelance transaction,Freelance,123456
2024-02-11,expense,164.33,Utilities transaction,Utilities,987654
2024-08-18,expense,910.78,Utilities transaction,Utilities,987654
2023-07-19,income,2369.39,Freelance transaction,Freelance,123456
2024-02-19,income,3025.22,Salary transaction,Salary,123456
2024-09-25,expense,704.88,Transport transaction,Transport,123456
2023-07-24,income,2616.99,Salary transaction,Salary,987654
2024-09-28,income,876.53,Salary transaction,Salary,987654
2024-02-13,income,297.11,Salary transaction,Salary,987654
2025-01-24,expense,878.0,Transport transaction,Transport,987654
2024-07-15,income,4739.66,Salary transaction,Salary,123456
2024-06-22,expense,150.86,Transport transaction,Transport,123456
2024-01-06,expense,178.24,Utilities transaction,Utilities,987654
2023-10-14,expense,580.39,Groceries transaction,Groceries,987654
2023-06-29,income,1762.69,Freelance transaction,Freelance,123456
2024-03-14,expense,903.83,Transport transaction,Transport,123456
2023-10-14,expense,343.57,Utilities transaction,Utilities,987654
2023-09-03,expense,968.25,Groceries transaction,Groceries,987654
2024-06-06,income,3642.58,Freelance transaction,Freelance,123456
2024-12-27,expense,679.31,Transport transaction,Transport,987654
2024-06-17,income,3866.93,Salary transaction,Salary,987654
2024-08-21,expense,935.07,Groceries transaction,Groceries,987654
2023-08-05,income,965.96,Freelance transaction,Freelance,123456
2025-01-05,expense,340.56,Utilities transaction,Utilities,987654
2023-12-10,expense,862.29,Utilities transaction,Utilities,123456
2023-06-02,income,3961.5,Freelance transaction,Freelance,123456
2023-07-06,expense,183.47,Transport transaction,Transport,987654
2025-03-22,expense,627.18,Utilities transaction,Utilities,987654
2024-08-20,expense,476.28,Groceries transaction,Groceries,987654
2024-12-08,expense,536.93,Utilities transaction,Utilities,987654
2023-09-30,income,4450.52,Salary transaction,Salary,987654
2025-02-28,expense,39.75,Groceries transaction,Groceries,123456
2024-10-06,income,4483.83,Salary transaction,Salary,123456
2024-03-06,expense,466.16,Utilities transaction,Utilities,123456
2025-03-01,income,3630.83,Freelance transaction,Freelance,987654
2024-11-18,expense,382.73,Transport transaction,Transport,987654
2024-03-05,income,308.35,Salary transaction,Salary,123456
2025-03-06,expense,415.96,Transport transaction,Transport,123456
2023-12-09,income,637.04,Freelance transaction,Freelance,987654
2024-08-04,expense,976.54,Utilities transaction,Utilities,123456
2025-01-19,income,2562.99,Freelance transaction,Freelance,987654
2023-12-17,expense,825.92,Groceries transaction,Groceries,123456
2023-07-18,income,1729.72,Salary transaction,Salary,987654
2024-08-02,expense,46.47,Utilities transaction,Utilities,987654
2024-07-06,income,4035.76,Freelance transaction,Freelance,123456
2024-12-17,expense,159.05,Utilities transaction,Utilities,987654
2024-08-06,income,4183.52,Freelance transaction,Freelance,123456
2024-08-07,income,3527.13,Salary transaction,Salary,987654
2024-08-17,income,2622.76,Freelance transaction,Freelance,987654
2023-10-30,income,980.15,Freelance transaction,Freelance,987654
2024-11-22,income,4990.04,Salary transaction,Salary,987654
2024-10-05,income,2895.94,Freelance transaction,Freelance,987654
2024-08-25,expense,515.14,Utilities transaction,Utilities,123456
2023-12-07,expense,301.18,Utilities transaction,Utilities,123456
2024-09-06,income,1185.77,Salary transaction,Salary,123456
2023-05-16,expense,321.2,Groceries transaction,Groceries,123456
2023-07-14,expense,592.46,Utilities transaction,Utilities,987654
2024-01-18,income,1234.78,Salary transaction,Salary,987654
2023-05-20,income,4551.09,Freelance transaction,Freelance,987654
2024-09-22,expense,546.82,Transport transaction,Transport,987654
2024-01-31,income,3732.77,Salary transaction,Salary,123456
2023-12-13,expense,374.62,Groceries transaction,Groceries,123456
2023-09-19,income,1056.49,Salary transaction,Salary,987654
2024-09-04,income,925.04,Salary transaction,Salary,123456
2025-03-14,income,1265.96,Salary transaction,Salary,987654
2023-06-20,expense,139.65,Utilities transaction,Utilities,987654
2023-12-05,expense,161.79,Groceries transaction,Groceries,123456
2023-09-22,income,700.51,Freelance transaction,Freelance,123456
2024-02-11,income,550.43,Freelance transaction,Freelance,987654
2024-10-13,income,2956.64,Salary transaction,Salary,987654
2023-10-29,expense,256.88,Groceries transaction,Groceries,987654
2024-05-13,income,2411.85,Freelance transaction,Freelance,987654
2025-01-30,expense,217.64,Groceries transaction,Groceries,123456
2025-03-27,expense,90.44,Utilities transaction,Utilities,123456
2023-08-04,expense,679.66,Utilities transaction,Utilities,987654
2023-09-11,expense,673.18,Utilities transaction,Utilities,123456
2025-03-14,expense,577.34,Groceries transaction,Groceries,987654
2024-05-19,expense,331.66,Transport transaction,Transport,123456
2023-06-16,expense,396.05,Utilities transaction,Utilities,123456
2024-09-16,expense,355.82,Utilities transaction,Utilities,123456
2023-07-06,income,1351.38,Freelance transaction,Freelance,123456
2023-10-08,expense,215.51,Utilities transaction,Utilities,987654
2024-11-29,income,568.53,Freelance transaction,Freelance,987654
2023-05-27,expense,147.46,Utilities transaction,Utilities,123456
2023-10-21,expense,992.54,Groceries transaction,Groceries,987654
2024-04-28,expense,338.12,Groceries transaction,Groceries,123456
2024-12-28,income,3149.87,Salary transaction,Salary,123456
2024-08-12,expense,380.49,Utilities transaction,Utilities,123456
2023-05-01,expense,860.22,Groceries transaction,Groceries,123456
2023-08-10,expense,346.63,Groceries transaction,Groceries,987654
2024-01-16,expense,127.21,Groceries transaction,Groceries,987654
2023-09-25,expense,220.38,Utilities transaction,Utilities,123456
2024-07-27,income,4193.72,Salary transaction,Salary,123456
2024-11-29,expense,215.96,Utilities transaction,Utilities,987654
2023-07-29,income,2942.26,Salary transaction,Salary,987654
2024-02-05,expense,135.01,Utilities transaction,Utilities,987654
2025-01-09,expense,966.46,Utilities transaction,Utilities,987654
2024-06-29,income,1646.63,Freelance transaction,Freelance,123456
2025-02-02,expense,749.18,Transport transaction,Transport,987654
2024-07-10,expense,422.85,Utilities transaction,Utilities,123456
2023-04-20,expense,78.09,Utilities transaction,Utilities,987654
2023-09-19,expense,247.05,Utilities transaction,Utilities,123456
2024-09-13,expense,850.7,Groceries transaction,Groceries,987654
2025-04-06,income,4419.25,Salary transaction,Salary,987654
2023-10-15,expense,528.11,Utilities transaction,Utilities,987654
2025-02-03,income,2120.25,Freelance transaction,Freelance,123456
2024-10-07,income,4661.44,Salary transaction,Salary,123456
2023-05-11,expense,361.5,Transport transaction,Transport,123456
2024-04-07,expense,72.49,Transport transaction,Transport,123456
2025-03-27,expense,973.97,Groceries transaction,Groceries,987654
2024-07-26,income,835.3,Salary transaction,Salary,987654
2024-09-09,expense,950.94,Utilities transaction,Utilities,123456
2024-09-09,expense,200.57,Transport transaction,Transport,123456
2024-07-12,expense,804.24,Groceries transaction,Groceries,987654
2024-05-25,expense,769.88,Groceries transaction,Groceries,987654
2025-04-06,expense,119.64,Transport transaction,Transport,123456
2023-09-22,expense,725.99,Groceries transaction,Groceries,123456
2023-05-03,expense,961.05,Utilities transaction,Utilities,123456
2023-08-10,income,4662.31,Salary transaction,Salary,987654
2024-10-14,expense,441.86,Transport transaction,Transport,987654
2024-03-10,expense,589.82,Groceries transaction,Groceries,987654
2023-06-18,expense,524.13,Utilities transaction,Utilities,123456
2023-11-27,expense,574.02,Groceries transaction,Groceries,987654
2023-12-03,expense,901.81,Utilities transaction,Utilities,987654
2024-06-05,expense,148.93,Groceries transaction,Groceries,987654
2024-12-17,income,1689.48,Salary transaction,Salary,987654
2023-12-14,expense,41.64,Transport transaction,Transport,987654
2024-09-20,expense,225.0,Utilities transaction,Utilities,123456
2024-08-22,income,111.69,Salary transaction,Salary,123456
2024-04-20,income,4310.42,Freelance transaction,Freelance,987654
2025-02-03,expense,53.51,Groceries transaction,Groceries,123456
2025-01-30,expense,982.91,Groceries transaction,Groceries,123456
2024-04-16,expense,336.4,Transport transaction,Transport,987654
2024-04-17,expense,272.44,Utilities transaction,Utilities,987654
2023-05-01,income,707.32,Salary transaction,Salary,987654
2025-03-16,expense,993.94,Groceries transaction,Groceries,987654
2024-12-13,expense,594.46,Groceries transaction,Groceries,987654
2024-11-14,income,2262.78,Salary transaction,Salary,987654
2024-01-17,income,3771.48,Freelance transaction,Freelance,987654
2023-05-15,expense,469.83,Transport transaction,Transport,987654
2024-12-21,expense,695.2,Transport transaction,Transport,123456
2023-11-01,income,4467.03,Salary transaction,Salary,987654
2023-07-16,expense,125.52,Utilities transaction,Utilities,123456
2024-03-03,income,3203.53,Salary transaction,Salary,987654
2025-01-23,income,4645.52,Salary transaction,Salary,123456
2024-11-04,income,3310.99,Freelance transaction,Freelance,987654
2025-03-21,expense,949.55,Transport transaction,Transport,123456
2024-07-10,expense,455.19,Groceries transaction,Groceries,123456
2024-06-03,expense,250.35,Transport transaction,Transport,987654
2024-02-15,expense,586.53,Groceries transaction,Groceries,987654
2024-02-22,income,220.48,Salary transaction,Salary,987654
2025-03-27,expense,919.02,Transport transaction,Transport,987654
2023-08-30,expense,377.24,Utilities transaction,Utilities,987654
2025-03-11,income,2712.85,Freelance transaction,Freelance,987654
2023-05-22,expense,700.47,Utilities transaction,Utilities,987654
2024-03-21,expense,344.51,Utilities transaction,Utilities,987654
2024-11-21,income,671.65,Salary transaction,Salary,123456
2023-09-30,expense,324.85,Transport transaction,Transport,123456
2025-02-25,expense,771.58,Groceries transaction,Groceries,987654
2023-04-22,expense,629.87,Utilities transaction,Utilities,123456
2025-03-15,expense,910.67,Utilities transaction,Utilities,123456
2024-03-30,income,3404.06,Freelance transaction,Freelance,987654
2023-07-11,income,4089.69,Freelance transaction,Freelance,987654
2025-01-13,expense,280.71,Groceries transaction,Groceries,987654
2023-05-10,income,2995.84,Freelance transaction,Freelance,123456
2025-03-23,income,498.87,Freelance transaction,Freelance,987654
2023-10-05,expense,550.0,Groceries transaction,Groceries,123456
2024-03-10,income,1812.99,Freelance transaction,Freelance,987654
2023-09-22,income,2553.55,Salary transaction,Salary,123456
2024-04-08,expense,106.93,Utilities transaction,Utilities,123456
2023-10-22,income,2033.9,Freelance transaction,Freelance,123456
2024-03-21,expense,926.19,Transport transaction,Transport,987654
2024-09-16,income,501.96,Salary transaction,Salary,987654
2023-10-04,expense,80.45,Utilities transaction,Utilities,123456
2024-11-28,income,1951.25,Freelance transaction,Freelance,987654
2023-12-13,expense,510.27,Groceries transaction,Groceries,987654
2025-02-21,income,1496.29,Freelance transaction,Freelance,987654
2025-01-31,expense,116.9,Transport transaction,Transport,123456
2024-03-12,income,4065.98,Salary transaction,Salary,987654
2024-09-23,expense,261.69,Groceries transaction,Groceries,123456
2025-04-05,expense,537.54,Utilities transaction,Utilities,123456
2024-07-03,expense,74.96,Groceries transaction,Groceries,987654
2023-07-28,expense,205.35,Groceries transaction,Groceries,123456
2023-05-13,expense,634.6,Transport transaction,Transport,987654
2023-08-27,expense,394.35,Groceries transaction,Groceries,987654
2024-02-19,income,1825.83,Salary transaction,Salary,123456
2023-05-12,income,1962.73,Freelance transaction,Freelance,987654
2023-09-09,expense,292.01,Groceries transaction,Groceries,987654
2024-04-15,income,2360.25,Freelance transaction,Freelance,987654
2024-12-14,income,4136.19,Freelance transaction,Freelance,987654
2024-05-31,expense,249.64,Utilities transaction,Utilities,123456
2024-08-12,income,1915.96,Freelance transaction,Freelance,123456
2025-02-03,expense,236.51,Groceries transaction,Groceries,987654
2023-04-17,expense,130.2,Groceries transaction,Groceries,987654
2024-04-09,income,1149.02,Freelance transaction,Freelance,123456
2024-02-18,income,3187.73,Freelance transaction,Freelance,123456
2024-02-17,income,733.23,Freelance transaction,Freelance,987654
2024-01-21,expense,973.53,Groceries transaction,Groceries,987654
2024-01-05,expense,865.76,Groceries transaction,Groceries,987654
2023-06-11,expense,718.62,Transport transaction,Transport,123456
2023-11-19,income,1762.59,Salary transaction,Salary,123456
2024-05-16,expense,662.57,Utilities transaction,Utilities,123456
2025-02-01,income,3213.69,Freelance transaction,Freelance,123456
2025-01-24,expense,275.0,Transport transaction,Transport,987654
2023-06-19,expense,37.7,Groceries transaction,Groceries,123456
2025-02-12,expense,590.97,Utilities transaction,Utilities,123456
2023-05-26,income,738.73,Freelance transaction,Freelance,123456
2023-12-17,expense,695.81,Groceries transaction,Groceries,123456
2024-11-15,expense,235.77,Groceries transaction,Groceries,987654
2024-12-10,expense,974.84,Transport transaction,Transport,987654
2023-06-16,expense,208.33,Transport transaction,Transport,987654
2023-10-09,income,2496.93,Salary transaction,Salary,123456
2025-03-22,expense,728.44,Groceries transaction,Groceries,987654
2024-05-17,income,3521.84,Salary transaction,Salary,123456
2023-09-29,expense,728.99,Utilities transaction,Utilities,123456
2024-06-05,income,2384.52,Salary transaction,Salary,123456
2023-09-23,expense,152.79,Transport transaction,Transport,987654
2023-06-03,expense,899.3,Groceries transaction,Groceries,123456
2024-04-26,expense,408.72,Groceries transaction,Groceries,123456
2024-01-29,income,1140.42,Salary transaction,Salary,123456
2023-04-12,income,4065.9,Salary transaction,Salary,987654
2023-05-17,income,1748.53,Salary transaction,Salary,123456
2023-06-04,expense,370.67,Groceries transaction,Groceries,123456
2024-06-26,expense,347.38,Groceries transaction,Groceries,987654
2024-01-08,expense,821.18,Transport transaction,Transport,987654
2024-09-14,expense,78.82,Transport transaction,Transport,123456
2024-09-23,expense,833.54,Transport transaction,Transport,987654
2023-12-11,expense,931.31,Utilities transaction,Utilities,987654
2023-10-13,expense,119.36,Transport transaction,Transport,123456
2023-06-02,expense,175.46,Groceries transaction,Groceries,123456
2024-12-06,expense,435.92,Groceries transaction,Groceries,123456
2024-11-07,expense,860.99,Utilities transaction,Utilities,123456
2025-02-19,income,220.03,Salary transaction,Salary,987654
2025-01-19,expense,947.63,Utilities transaction,Utilities,987654
2024-01-07,expense,640.34,Utilities transaction,Utilities,987654
2024-08-31,income,4997.78,Freelance transaction,Freelance,987654
2024-12-21,expense,304.27,Groceries transaction,Groceries,123456
2024-04-25,expense,125.0,Groceries transaction,Groceries,123456
2025-03-23,expense,656.17,Transport transaction,Transport,987654
2024-10-22,expense,628.84,Utilities transaction,Utilities,123456
2023-08-05,income,3305.4,Freelance transaction,Freelance,123456
2024-12-21,expense,667.44,Groceries transaction,Groceries,123456
2025-01-22,expense,841.34,Groceries transaction,Groceries,987654
2025-01-20,expense,769.0,Transport transaction,Transport,987654
2023-07-21,expense,674.47,Transport transaction,Transport,987654
2023-10-22,income,4612.98,Salary transaction,Salary,123456
2023-12-17,expense,948.55,Utilities transaction,Utilities,123456
2023-11-16,expense,24.91,Transport transaction,Transport,987654
2024-02-24,income,3798.6,Salary transaction,Salary,123456
2023-07-31,income,210.03,Salary transaction,Salary,987654
2024-04-14,expense,182.65,Utilities transaction,Utilities,987654
2024-06-08,income,4218.79,Freelance transaction,Freelance,123456
2024-07-20,expense,184.08,Groceries transaction,Groceries,123456
2023-10-03,income,1630.67,Freelance transaction,Freelance,987654
2024-11-30,income,2731.21,Freelance transaction,Freelance,123456
2024-04-15,income,4735.18,Freelance transaction,Freelance,987654
2023-04-15,expense,940.89,Utilities transaction,Utilities,123456
2024-08-10,income,3212.96,Salary transaction,Salary,123456
2024-10-08,expense,77.27,Transport transaction,Transport,123456
2023-08-02,income,516.28,Salary transaction,Salary,987654
2024-03-23,expense,488.76,Groceries transaction,Groceries,123456
2024-07-13,income,1357.23,Freelance transaction,Freelance,123456
2023-11-30,expense,126.83,Utilities transaction,Utilities,123456
2024-08-02,expense,187.66,Groceries transaction,Groceries,123456
2024-09-18,expense,819.14,Utilities transaction,Utilities,123456
2024-01-27,income,1182.72,Salary transaction,Salary,987654
2023-08-09,expense,76.06,Utilities transaction,Utilities,123456
2024-11-26,expense,992.13,Groceries transaction,Groceries,987654
2024-09-09,expense,103.05,Groceries transaction,Groceries,987654
2024-04-07,expense,692.93,Groceries transaction,Groceries,987654
2024-06-29,expense,913.68,Groceries transaction,Groceries,987654
2024-12-05,income,2980.32,Freelance transaction,Freelance,987654
2024-04-17,expense,294.08,Groceries transaction,Groceries,123456
2023-12-28,expense,316.85,Utilities transaction,Utilities,123456
2023-08-23,expense,75.01,Groceries transaction,Groceries,987654
2024-06-20,income,1551.53,Freelance transaction,Freelance,123456
2024-09-19,income,2933.42,Salary transaction,Salary,987654
2024-10-06,income,1191.1,Freelance transaction,Freelance,123456
2024-08-15,expense,994.28,Transport transaction,Transport,123456
2023-06-01,expense,657.54,Groceries transaction,Groceries,987654
2024-07-08,income,1816.43,Salary transaction,Salary,123456
2023-12-09,income,388.77,Freelance transaction,Freelance,987654
2024-12-04,expense,39.66,Groceries transaction,Groceries,987654
2023-11-04,expense,834.9,Groceries transaction,Groceries,987654
2024-08-22,income,3316.71,Salary transaction,Salary,987654
2025-02-13,income,1958.48,Freelance transaction,Freelance,123456
2023-11-02,income,2568.93,Salary transaction,Salary,123456
2023-09-12,expense,545.81,Groceries transaction,Groceries,987654
2024-09-02,expense,837.86,Transport transaction,Transport,123456
2024-08-18,expense,959.67,Transport transaction,Transport,987654
2025-02-06,income,3688.64,Salary transaction,Salary,987654
2023-07-21,expense,111.09,Transport transaction,Transport,987654
2024-01-24,income,795.6,Salary transaction,Salary,123456
2025-01-12,income,4034.65,Freelance transaction,Freelance,123456
2024-02-19,expense,91.33,Groceries transaction,Groceries,123456
2023-09-23,expense,551.7,Transport transaction,Transport,123456
2023-09-16,income,2330.24,Freelance transaction,Freelance,123456
2023-07-18,expense,924.9,Transport transaction,Transport,987654
2023-05-22,expense,971.6,Utilities transaction,Utilities,987654
2024-08-01,expense,998.94,Utilities transaction,Utilities,987654
2024-08-15,income,2453.86,Freelance transaction,Freelance,123456
2023-08-17,income,1346.4,Salary transaction,Salary,987654
2023-06-05,expense,988.87,Transport transaction,Transport,123456
2023-06-21,expense,543.67,Transport transaction,Transport,987654
2024-01-15,expense,517.64,Transport transaction,Transport,123456
2023-07-27,expense,982.45,Groceries transaction,Groceries,987654
2024-03-24,income,1219.86,Salary transaction,Salary,123456
2024-09-14,expense,445.53,Groceries transaction,Groceries,987654
2025-01-09,expense,423.55,Transport transaction,Transport,123456
2023-04-17,expense,69.42,Utilities transaction,Utilities,123456
2024-08-18,income,483.07,Salary transaction,Salary,987654
2024-10-30,income,2814.17,Freelance transaction,Freelance,987654
2023-10-18,income,4555.55,Salary transaction,Salary,987654
2025-02-08,income,2658.76,Freelance transaction,Freelance,123456
2024-02-22,expense,636.17,Utilities transaction,Utilities,987654
2024-12-28,income,1472.07,Salary transaction,Salary,123456
2023-04-20,income,902.55,Salary transaction,Salary,123456
2024-07-09,expense,223.09,Utilities transaction,Utilities,123456
2024-10-06,income,253.16,Salary transaction,Salary,987654
2024-08-27,expense,883.45,Groceries transaction,Groceries,987654
2024-04-12,income,4919.17,Salary transaction,Salary,987654
2023-10-23,income,1184.83,Freelance transaction,Freelance,987654
2024-03-14,expense,320.46,Groceries transaction,Groceries,987654
2023-07-19,expense,562.39,Utilities transaction,Utilities,123456
2023-07-17,income,2610.28,Freelance transaction,Freelance,987654
2023-08-16,income,3892.67,Freelance transaction,Freelance,123456
2024-04-12,expense,672.21,Groceries transaction,Groceries,123456
2024-08-20,income,1085.43,Salary transaction,Salary,123456
2024-05-14,expense,984.12,Groceries transaction,Groceries,987654
2024-02-05,expense,173.36,Utilities transaction,Utilities,123456
2023-07-22,expense,357.49,Groceries transaction,Groceries,987654
2024-01-21,expense,703.27,Groceries transaction,Groceries,987654
2024-03-03,expense,894.29,Groceries transaction,Groceries,123456
2024-04-24,expense,420.24,Groceries transaction,Groceries,123456
2024-12-16,income,4663.22,Freelance transaction,Freelance,123456
2024-02-23,expense,203.86,Transport transaction,Transport,987654
2024-03-12,expense,492.35,Utilities transaction,Utilities,123456
2023-04-26,expense,365.87,Utilities transaction,Utilities,987654
2024-04-03,expense,64.67,Utilities transaction,Utilities,123456
2023-07-05,income,4769.29,Freelance transaction,Freelance,123456
2025-03-30,expense,285.65,Groceries transaction,Groceries,987654
2023-08-24,expense,179.03,Transport transaction,Transport,987654
2023-04-27,income,2308.56,Freelance transaction,Freelance,123456
2025-02-18,expense,187.5,Transport transaction,Transport,987654
2024-06-20,income,4248.94,Salary transaction,Salary,123456
2024-04-06,expense,580.73,Utilities transaction,Utilities,987654
2024-07-04,expense,473.58,Utilities transaction,Utilities,123456
2024-09-08,expense,831.6,Utilities transaction,Utilities,987654
2023-11-15,expense,82.3,Groceries transaction,Groceries,123456
2024-02-04,income,3124.04,Freelance transaction,Freelance,123456
2024-03-15,expense,525.75,Groceries transaction,Groceries,123456
2024-10-13,income,2048.91,Salary transaction,Salary,987654
2024-03-11,expense,285.7,Groceries transaction,Groceries,123456
2024-07-20,income,1637.74,Freelance transaction,Freelance,987654
2024-05-19,income,2396.82,Salary transaction,Salary,987654
2023-05-15,expense,541.33,Groceries transaction,Groceries,123456
2024-12-11,income,4305.96,Freelance transaction,Freelance,987654
2023-08-28,expense,116.93,Utilities transaction,Utilities,987654
2024-11-14,expense,597.16,Utilities transaction,Utilities,987654
2024-05-08,income,3505.41,Salary transaction,Salary,987654
2024-12-07,expense,115.74,Groceries transaction,Groceries,987654
2023-04-27,income,1993.97,Freelance transaction,Freelance,987654
2023-11-10,income,4413.45,Salary transaction,Salary,123456
2024-10-10,expense,745.29,Groceries transaction,Groceries,987654
2024-06-17,income,4899.19,Freelance transaction,Freelance,123456
2023-10-20,expense,936.18,Utilities transaction,Utilities,123456
2023-09-08,expense,672.66,Utilities transaction,Utilities,123456
2025-02-06,expense,732.36,Utilities transaction,Utilities,987654
2023-07-19,income,4727.06,Freelance transaction,Freelance,987654
2024-12-26,income,2677.64,Freelance transaction,Freelance,987654
2024-07-07,expense,268.14,Groceries transaction,Groceries,123456
2023-07-22,income,2415.73,Salary transaction,Salary,987654
2025-01-07,income,4208.09,Freelance transaction,Freelance,123456
2025-03-10,expense,855.57,Groceries transaction,Groceries,987654
2025-02-02,expense,372.43,Transport transaction,Transport,987654
2023-09-24,expense,297.66,Groceries transaction,Groceries,987654
2024-12-18,expense,471.65,Transport transaction,Transport,987654
2024-09-30,expense,390.26,Groceries transaction,Groceries,987654
2023-06-30,income,1990.23,Freelance transaction,Freelance,987654
2023-05-29,income,107.04,Freelance transaction,Freelance,987654
2023-09-14,expense,953.51,Groceries transaction,Groceries,987654
2023-08-17,income,2887.09,Freelance transaction,Freelance,123456
2023-12-04,expense,902.37,Utilities transaction,Utilities,123456
2024-07-26,income,4468.63,Freelance transaction,Freelance,123456
2024-07-17,expense,263.46,Utilities transaction,Utilities,987654
2023-10-18,expense,858.02,Utilities transaction,Utilities,987654
2024-10-28,expense,476.98,Utilities transaction,Utilities,987654
2025-02-11,expense,23.31,Groceries transaction,Groceries,123456
2023-05-02,expense,98.22,Utilities transaction,Utilities,123456
2023-09-04,expense,988.99,Groceries transaction,Groceries,123456
2023-04-14,income,786.11,Salary transaction,Salary,123456
2023-10-15,expense,817.53,Transport transaction,Transport,123456
2023-07-18,income,1590.75,Salary transaction,Salary,987654
2023-08-17,expense,844.34,Transport transaction,Transport,987654
2024-05-12,expense,517.15,Transport transaction,Transport,987654
2024-09-28,income,1209.51,Salary transaction,Salary,987654
2024-07-08,income,4516.22,Salary transaction,Salary,987654
2024-05-07,income,957.33,Freelance transaction,Freelance,123456
2023-12-14,expense,102.79,Transport transaction,Transport,123456
2024-09-21,income,4856.67,Freelance transaction,Freelance,123456
2024-07-04,income,4607.5,Salary transaction,Salary,987654
2024-08-16,income,1486.9,Salary transaction,Salary,123456
2024-09-17,expense,333.11,Utilities transaction,Utilities,987654
2024-05-22,expense,610.32,Transport transaction,Transport,123456
2023-10-17,income,3805.34,Freelance transaction,Freelance,987654
2024-07-03,expense,546.64,Transport transaction,Transport,123456
2024-01-03,expense,626.6,Groceries transaction,Groceries,123456
2023-05-15,income,2815.56,Salary transaction,Salary,987654
2024-02-16,expense,292.01,Utilities transaction,Utilities,123456
2025-01-24,income,3752.69,Freelance transaction,Freelance,123456
2025-01-15,expense,464.31,Utilities transaction,Utilities,123456
2024-07-26,expense,89.51,Transport transaction,Transport,123456
2023-10-31,expense,800.13,Groceries transaction,Groceries,987654
2024-10-30,expense,660.11,Groceries transaction,Groceries,123456
2023-11-09,expense,153.65,Transport transaction,Transport,987654
2023-06-13,income,4546.53,Freelance transaction,Freelance,987654
2023-08-16,expense,952.02,Transport transaction,Transport,123456
2023-05-25,expense,205.08,Groceries transaction,Groceries,123456
2023-11-04,income,3024.57,Freelance transaction,Freelance,123456
2023-09-28,income,3775.13,Freelance transaction,Freelance,123456
2023-04-23,expense,363.83,Utilities transaction,Utilities,123456
2024-12-06,income,3071.02,Salary transaction,Salary,987654
2024-06-13,expense,112.94,Groceries transaction,Groceries,987654
2024-04-03,expense,282.33,Groceries transaction,Groceries,987654
2023-06-19,expense,450.9,Groceries transaction,Groceries,987654
2023-10-04,expense,195.1,Groceries transaction,Groceries,987654
2024-07-22,income,3224.92,Freelance transaction,Freelance,987654
2023-04-15,expense,523.5,Utilities transaction,Utilities,123456
2023-05-23,expense,812.59,Groceries transaction,Groceries,987654
2024-04-25,expense,335.26,Transport transaction,Transport,123456
2023-12-12,expense,228.94,Transport transaction,Transport,123456
2024-11-08,expense,260.88,Transport transaction,Transport,123456
2024-03-13,income,3304.85,Salary transaction,Salary,123456
2023-06-04,income,1606.27,Salary transaction,Salary,123456
2023-08-10,expense,165.44,Transport transaction,Transport,123456
2025-01-01,expense,980.98,Transport transaction,Transport,987654
2024-10-14,income,4251.65,Freelance transaction,Freelance,123456
2024-10-23,expense,150.99,Transport transaction,Transport,987654
2023-09-27,expense,144.38,Transport transaction,Transport,123456
2024-07-31,income,4235.18,Salary transaction,Salary,987654
2024-03-12,income,4310.91,Freelance transaction,Freelance,123456
2023-12-27,expense,436.12,Utilities transaction,Utilities,123456
2024-11-11,expense,77.19,Groceries transaction,Groceries,987654
2023-05-16,income,903.68,Salary transaction,Salary,987654
2024-04-29,expense,474.06,Utilities transaction,Utilities,123456
2023-10-09,income,4133.21,Freelance transaction,Freelance,123456
2023-06-21,income,1865.4,Freelance transaction,Freelance,123456
2023-12-17,expense,369.76,Utilities transaction,Utilities,987654
2023-09-29,expense,393.4,Transport transaction,Transport,987654
2024-07-02,income,1557.97,Salary transaction,Salary,987654
2023-06-09,income,2124.45,Salary transaction,Salary,123456
2023-11-24,expense,728.54,Groceries transaction,Groceries,123456
2024-05-12,expense,715.09,Utilities transaction,Utilities,987654
2024-08-10,income,4230.32,Salary transaction,Salary,123456
2023-12-23,expense,691.49,Transport transaction,Transport,987654
2025-03-21,income,1086.09,Salary transaction,Salary,123456
2024-08-05,expense,302.75,Utilities transaction,Utilities,987654
2023-07-13,income,2206.52,Salary transaction,Salary,123456
2023-06-07,income,2138.56,Freelance transaction,Freelance,987654
2023-12-31,income,4577.52,Salary transaction,Salary,987654
2025-01-17,expense,876.38,Groceries transaction,Groceries,123456
2024-01-25,expense,593.6,Utilities transaction,Utilities,123456
2024-08-11,income,175.11,Salary transaction,Salary,987654
2024-06-03,expense,610.46,Transport transaction,Transport,987654
2025-03-22,expense,744.81,Utilities transaction,Utilities,123456
2024-10-10,expense,873.4,Utilities transaction,Utilities,123456
2023-06-04,expense,171.38,Utilities transaction,Utilities,123456
2025-01-09,expense,868.95,Groceries transaction,Groceries,987654
2023-04-24,expense,423.82,Utilities transaction,Utilities,123456
2024-03-01,expense,158.87,Groceries transaction,Groceries,123456
2023-12-20,income,2400.74,Salary transaction,Salary,123456
2023-05-18,income,3583.03,Salary transaction,Salary,123456
2024-02-12,expense,510.31,Groceries transaction,Groceries,987654
2024-01-12,expense,937.52,Groceries transaction,Groceries,987654
2025-03-29,expense,127.89,Groceries transaction,Groceries,987654
2023-10-24,expense,633.57,Transport transaction,Transport,123456
2023-11-04,income,4045.72,Freelance transaction,Freelance,987654
2024-09-14,income,3919.98,Salary transaction,Salary,123456
2024-01-20,income,1848.92,Salary transaction,Salary,987654
2024-05-07,expense,687.4,Utilities transaction,Utilities,987654
2024-01-08,expense,891.25,Groceries transaction,Groceries,987654
2024-12-08,income,1329.92,Freelance transaction,Freelance,123456
2024-01-14,expense,437.15,Groceries transaction,Groceries,987654
2023-10-23,expense,729.25,Utilities transaction,Utilities,123456
2024-08-15,income,1118.2,Salary transaction,Salary,123456
2024-07-16,income,1243.7,Salary transaction,Salary,123456
2023-06-01,expense,366.4,Groceries transaction,Groceries,987654
2024-04-06,expense,86.82,Groceries transaction,Groceries,123456
2023-06-27,income,4320.47,Salary transaction,Salary,123456
2024-08-27,income,4391.72,Freelance transaction,Freelance,987654
2023-11-26,expense,924.11,Transport transaction,Transport,123456
2024-04-28,expense,747.69,Transport transaction,Transport,123456
2024-01-12,expense,377.51,Utilities transaction,Utilities,987654
2025-03-31,expense,433.33,Groceries transaction,Groceries,123456
2023-10-28,expense,704.96,Transport transaction,Transport,123456
2023-10-10,income,2802.13,Freelance transaction,Freelance,987654
2024-04-07,income,4296.07,Freelance transaction,Freelance,987654
2024-12-31,expense,138.46,Utilities transaction,Utilities,123456
2023-10-25,expense,238.67,Groceries transaction,Groceries,123456
2024-04-27,income,4148.84,Freelance transaction,Freelance,123456
2024-12-30,expense,858.12,Groceries transaction,Groceries,123456
2024-11-18,expense,841.1,Transport transaction,Transport,987654
2024-05-02,income,4842.76,Salary transaction,Salary,123456
2025-02-04,income,3307.11,Freelance transaction,Freelance,987654
2024-09-25,expense,285.14,Transport transaction,Transport,123456
2024-05-12,income,3867.22,Salary transaction,Salary,123456
2024-02-17,income,888.55,Salary transaction,Salary,123456
2024-11-29,expense,922.32,Transport transaction,Transport,987654
2025-01-24,income,4246.88,Freelance transaction,Freelance,987654
2023-09-11,income,3824.1,Salary transaction,Salary,987654
2023-12-13,expense,188.01,Transport transaction,Transport,987654
2025-03-23,expense,46.97,Transport transaction,Transport,987654
2025-04-02,expense,680.26,Transport transaction,Transport,987654
2025-03-20,expense,519.91,Groceries transaction,Groceries,987654
2023-11-11,expense,355.9,Transport transaction,Transport,123456
2024-04-20,expense,724.4,Transport transaction,Transport,123456
2024-08-16,expense,676.36,Utilities transaction,Utilities,123456
2023-10-02,expense,823.01,Groceries transaction,Groceries,123456
2023-07-23,expense,793.55,Groceries transaction,Groceries,987654
2023-08-13,expense,127.15,Groceries transaction,Groceries,123456
2023-04-18,expense,842.13,Groceries transaction,Groceries,987654
2025-02-08,expense,332.93,Utilities transaction,Utilities,987654
2024-03-17,expense,496.04,Transport transaction,Transport,123456
2024-09-21,expense,919.41,Transport transaction,Transport,987654
2023-06-23,income,2399.76,Salary transaction,Salary,123456
2025-02-03,expense,315.67,Utilities transaction,Utilities,123456
2023-05-14,expense,486.53,Groceries transaction,Groceries,987654
2024-04-24,expense,86.85,Utilities transaction,Utilities,123456
2024-03-02,expense,57.13,Transport transaction,Transport,987654
2024-04-07,income,139.45,Salary transaction,Salary,123456
2024-04-07,income,1859.38,Salary transaction,Salary,123456
2023-09-20,expense,218.15,Groceries transaction,Groceries,987654
2024-07-17,expense,638.01,Transport transaction,Transport,123456
2024-03-09,expense,857.62,Transport transaction,Transport,987654
2023-12-06,expense,845.17,Utilities transaction,Utilities,987654
2023-05-10,income,172.38,Salary transaction,Salary,987654
2024-03-31,expense,17.33,Utilities transaction,Utilities,987654
2024-08-10,expense,487.64,Groceries transaction,Groceries,987654
2024-04-25,expense,266.1,Utilities transaction,Utilities,987654
2025-02-11,income,2400.61,Freelance transaction,Freelance,123456
2025-02-01,income,1100.46,Freelance transaction,Freelance,987654
2023-08-16,expense,51.32,Transport transaction,Transport,987654
2023-11-08,income,558.47,Freelance transaction,Freelance,987654
2025-03-21,expense,541.94,Transport transaction,Transport,123456
2024-09-15,expense,832.19,Groceries transaction,Groceries,987654
2025-01-09,expense,887.24,Transport transaction,Transport,987654
2023-12-30,expense,520.73,Utilities transaction,Utilities,987654
2024-08-26,expense,762.02,Transport transaction,Transport,987654
2024-09-21,income,1559.49,Freelance transaction,Freelance,987654
2024-04-17,expense,180.83,Utilities transaction,Utilities,987654
2023-10-30,income,1725.76,Salary transaction,Salary,123456
2023-06-19,income,2144.9,Freelance transaction,Freelance,987654
2024-09-20,income,132.75,Salary transaction,Salary,987654
2024-07-17,income,4317.51,Salary transaction,Salary,123456
2024-01-28,expense,781.93,Transport transaction,Transport,123456
2024-06-28,income,2262.36,Freelance transaction,Freelance,987654
2025-03-08,expense,261.02,Utilities transaction,Utilities,123456
2024-03-22,income,4447.57,Freelance transaction,Freelance,987654
2024-07-06,expense,528.08,Transport transaction,Transport,123456
2024-01-03,income,959.24,Freelance transaction,Freelance,123456
2023-09-08,income,4459.44,Salary transaction,Salary,123456
2024-10-17,expense,802.36,Groceries transaction,Groceries,987654
2024-09-13,expense,373.8,Transport transaction,Transport,987654
2024-08-03,income,1802.94,Freelance transaction,Freelance,123456
2023-06-04,income,1070.34,Freelance transaction,Freelance,123456
2023-04-08,income,185.5,Freelance transaction,Freelance,123456
2024-12-17,income,4050.57,Freelance transaction,Freelance,123456
2024-04-30,income,1400.62,Salary transaction,Salary,123456
2024-09-21,income,2656.66,Salary transaction,Salary,123456
2023-12-08,expense,180.99,Utilities transaction,Utilities,123456
2024-08-03,expense,671.18,Utilities transaction,Utilities,123456
2024-09-10,expense,241.44,Utilities transaction,Utilities,123456
2023-06-03,income,2933.19,Freelance transaction,Freelance,123456
2024-11-19,expense,191.42,Transport transaction,Transport,123456
2024-03-03,expense,657.21,Utilities transaction,Utilities,123456
2023-08-06,income,3630.67,Freelance transaction,Freelance,123456
2025-03-13,income,4344.27,Freelance transaction,Freelance,123456
2024-07-13,expense,726.41,Transport transaction,Transport,123456
2024-08-30,income,2829.04,Freelance transaction,Freelance,987654
2024-11-14,expense,675.78,Groceries transaction,Groceries,123456
2024-02-17,expense,43.67,Utilities transaction,Utilities,123456
2023-12-14,expense,238.88,Transport transaction,Transport,123456
2023-11-07,income,1291.99,Salary transaction,Salary,987654
2025-02-13,income,1493.32,Freelance transaction,Freelance,987654
2024-06-21,expense,940.32,Utilities transaction,Utilities,987654
2023-09-17,income,4311.47,Salary transaction,Salary,987654
2023-10-24,expense,846.73,Utilities transaction,Utilities,987654
2024-03-15,expense,200.17,Groceries transaction,Groceries,987654
2023-09-30,expense,172.27,Groceries transaction,Groceries,987654
2023-12-27,expense,415.93,Transport transaction,Transport,123456
2023-10-28,expense,139.03,Groceries transaction,Groceries,987654
2024-09-06,income,949.21,Salary transaction,Salary,987654
2023-11-17,income,4817.28,Freelance transaction,Freelance,123456
2024-04-04,expense,448.02,Groceries transaction,Groceries,123456
2023-09-02,expense,849.64,Utilities transaction,Utilities,123456
2023-10-02,income,184.02,Freelance transaction,Freelance,987654
2023-05-04,income,1652.46,Salary transaction,Salary,987654
2024-05-17,income,2758.21,Salary transaction,Salary,123456
2023-12-26,expense,280.48,Transport transaction,Transport,123456
2024-10-25,expense,616.59,Transport transaction,Transport,123456
2025-03-09,income,2197.86,Freelance transaction,Freelance,987654
2023-11-28,expense,85.18,Transport transaction,Transport,987654
2025-02-26,expense,471.5,Utilities transaction,Utilities,123456
2023-07-15,income,1925.81,Salary transaction,Salary,987654
2023-05-14,income,2679.72,Freelance transaction,Freelance,123456
2024-07-07,income,207.71,Freelance transaction,Freelance,987654
2023-08-26,income,862.59,Freelance transaction,Freelance,987654
2023-11-07,income,4993.65,Salary transaction,Salary,123456
2024-02-13,expense,914.49,Groceries transaction,Groceries,987654
2025-03-30,expense,359.4,Transport transaction,Transport,987654
2024-04-26,income,605.62,Salary transaction,Salary,987654
2023-05-30,expense,780.26,Utilities transaction,Utilities,987654
2025-01-08,expense,425.35,Utilities transaction,Utilities,123456
2023-07-20,expense,149.43,Groceries transaction,Groceries,123456
2023-04-17,income,2067.29,Freelance transaction,Freelance,987654
2023-04-21,income,518.52,Freelance transaction,Freelance,987654
2024-01-07,expense,524.31,Transport transaction,Transport,987654
2024-02-01,expense,576.28,Transport transaction,Transport,987654
2023-04-11,expense,379.28,Groceries transaction,Groceries,987654
2023-04-12,income,713.01,Freelance transaction,Freelance,987654
2024-01-08,income,1917.27,Salary transaction,Salary,123456
2024-11-10,expense,449.0,Groceries transaction,Groceries,123456
2023-09-25,expense,228.16,Transport transaction,Transport,987654
2024-07-23,expense,31.4,Utilities transaction,Utilities,123456
